student_id,school_id,sex,ks2_maths_score,ks2_reading_score,pp,eal,send,ehcp,lac
0,SCH00,F,58,58,F,F,F,F,F
1,SCH00,M,77,78,T,F,F,F,F
2,SCH00,M,37,38,F,F,F,F,F
3,SCH00,M,72,69,T,T,F,F,F
4,SCH00,M,60,59,F,F,F,F,F
5,SCH00,F,41,45,F,T,F,F,F
6,SCH00,M,60,68,F,T,F,F,F
7,SCH00,F,47,66,T,T,F,F,F
8,SCH00,F,54,55,F,F,F,F,F
9,SCH00,M,64,64,T,F,F,F,F
10,SCH00,F,39,36,F,T,F,F,F
11,SCH00,M,74,71,F,T,F,F,F
12,SCH00,F,80,79,F,F,F,F,F
13,SCH00,F,32,39,F,F,T,F,F
14,SCH00,M,32,25,T,F,T,F,F
15,SCH00,M,80,74,T,F,F,F,F
16,SCH00,M,87,74,F,T,F,F,F
17,SCH00,M,60,54,F,F,F,F,F
18,SCH00,M,28,31,F,F,T,F,F
19,SCH00,M,49,52,F,F,F,F,F
20,SCH00,M,51,52,F,F,F,F,F
21,SCH00,M,74,77,F,F,F,F,F
22,SCH00,M,79,75,F,F,F,F,F
23,SCH00,M,83,84,F,F,F,F,F
24,SCH00,F,47,47,F,F,T,F,F
25,SCH00,F,70,68,F,F,F,F,F
26,SCH00,M,57,45,F,F,F,F,F
27,SCH00,M,50,57,F,F,F,F,F
28,SCH00,F,58,57,F,T,F,F,F
29,SCH00,F,66,65,F,F,F,F,F
30,SCH00,F,81,80,F,F,F,F,F
31,SCH00,F,71,67,T,F,F,F,F
32,SCH00,F,35,23,F,F,T,F,F
33,SCH00,F,81,79,F,F,F,F,F
34,SCH00,M,70,55,F,F,F,F,F
35,SCH00,F,67,67,F,F,F,F,F
36,SCH00,M,43,48,F,F,F,F,F
37,SCH00,F,52,53,F,F,F,F,F
38,SCH00,F,81,85,F,T,F,F,F
39,SCH00,M,47,46,F,F,T,F,F
40,SCH00,F,76,61,F,T,F,F,F
41,SCH00,M,63,77,F,F,F,F,F
42,SCH00,F,56,66,F,F,F,F,F
43,SCH00,M,68,66,F,F,F,F,F
44,SCH00,F,50,54,T,F,F,F,F
45,SCH00,M,73,84,F,T,F,F,F
46,SCH00,M,65,76,F,T,F,F,F
47,SCH00,M,77,64,F,T,F,F,F
48,SCH00,M,66,64,F,F,F,F,F
49,SCH00,M,76,88,F,F,F,F,F
50,SCH00,M,87,88,F,F,F,F,F
51,SCH00,M,58,46,F,T,F,F,F
52,SCH00,F,81,73,F,T,F,F,F
53,SCH00,M,43,41,F,F,F,F,F
54,SCH00,M,61,68,F,T,F,F,F
55,SCH00,F,84,101,F,F,F,F,F
56,SCH00,M,26,35,F,F,T,F,F
57,SCH00,F,71,78,F,T,F,F,F
58,SCH00,M,78,83,F,F,F,F,F
59,SCH00,F,49,55,F,F,F,F,F
60,SCH00,M,70,66,F,F,F,F,F
61,SCH00,F,48,56,F,F,F,F,F
62,SCH00,F,62,49,F,F,F,F,F
63,SCH00,F,65,65,F,F,F,F,F
64,SCH00,F,71,70,F,F,F,F,F
65,SCH00,F,55,57,F,T,F,F,F
66,SCH00,M,46,43,T,F,T,F,F
67,SCH00,M,25,22,F,F,T,F,T
68,SCH00,M,34,38,F,F,T,F,F
69,SCH00,F,81,75,F,F,F,F,F
70,SCH00,F,50,44,F,T,T,F,F
71,SCH00,M,72,59,F,T,F,F,F
72,SCH00,M,83,82,T,F,F,F,F
73,SCH00,F,74,74,F,F,F,F,F
74,SCH00,M,51,40,F,F,F,F,F
75,SCH00,F,71,70,F,T,F,F,F
76,SCH00,M,23,29,F,F,T,F,F
77,SCH00,M,38,46,F,F,T,F,F
78,SCH00,M,62,67,T,F,F,F,F
79,SCH00,M,76,83,F,F,F,F,F
80,SCH00,M,76,74,F,F,F,F,F
81,SCH00,F,62,59,F,F,F,F,F
82,SCH00,M,54,53,F,F,F,F,F
83,SCH00,M,52,60,F,T,F,F,F
84,SCH00,F,27,31,F,F,T,T,F
85,SCH00,F,65,71,F,F,F,F,F
86,SCH00,M,64,61,F,F,F,F,F
87,SCH00,M,63,53,T,F,F,F,F
88,SCH00,F,71,66,F,F,F,F,F
89,SCH00,M,86,77,T,T,F,F,F
90,SCH00,F,72,65,T,F,F,F,T
91,SCH00,M,66,66,F,F,F,F,F
92,SCH00,F,13,9,F,F,T,F,F
93,SCH00,M,60,57,F,T,F,F,F
94,SCH00,M,70,72,F,F,F,F,F
95,SCH00,F,65,62,F,F,F,F,F
96,SCH00,M,42,46,T,F,F,F,F
97,SCH00,F,62,72,F,F,F,F,F
98,SCH00,F,76,67,F,F,F,F,F
99,SCH00,F,82,73,F,F,F,F,F
100,SCH00,M,42,32,F,F,F,F,F
101,SCH00,F,36,36,F,T,T,F,F
102,SCH00,M,61,69,F,T,F,F,F
103,SCH00,M,68,67,F,F,F,F,F
104,SCH00,F,74,67,F,T,F,F,F
105,SCH00,M,66,60,T,F,F,F,F
106,SCH00,F,69,82,F,F,F,F,F
107,SCH00,M,68,70,F,F,F,F,F
108,SCH00,M,64,54,F,F,F,F,F
109,SCH00,M,66,59,F,F,F,F,F
110,SCH00,F,45,42,F,F,F,F,F
111,SCH00,M,83,84,F,F,F,F,F
112,SCH00,F,78,84,F,F,F,F,F
113,SCH00,M,56,56,F,F,F,F,F
114,SCH00,M,85,82,F,T,F,F,F
115,SCH00,M,86,84,F,F,F,F,F
116,SCH00,F,33,25,F,F,T,T,F
117,SCH00,F,87,91,F,T,F,F,F
118,SCH00,F,34,39,F,F,T,F,F
119,SCH00,F,69,63,F,F,F,F,F
120,SCH00,F,80,93,F,F,F,F,F
121,SCH00,M,66,59,F,F,F,F,F
122,SCH00,F,73,74,F,F,F,F,F
123,SCH00,F,38,42,F,F,T,F,F
124,SCH00,F,64,63,F,F,F,F,F
125,SCH00,M,77,79,F,F,F,F,F
126,SCH00,M,59,68,F,F,F,F,F
127,SCH00,M,54,55,T,T,F,F,F
128,SCH00,F,55,57,F,T,F,F,F
129,SCH00,F,60,61,F,F,F,F,F
130,SCH00,M,29,38,F,F,T,F,F
131,SCH00,M,63,69,F,F,F,F,F
132,SCH00,F,74,67,F,T,F,F,F
133,SCH00,M,64,72,F,F,F,F,F
134,SCH00,M,67,68,F,T,F,F,F
135,SCH00,F,74,73,F,F,F,F,F
136,SCH00,F,66,81,F,F,F,F,F
137,SCH00,F,79,80,F,F,F,F,F
138,SCH00,M,66,79,F,T,F,F,F
139,SCH00,M,48,46,F,F,T,F,F
140,SCH00,M,82,83,T,F,F,F,F
141,SCH00,F,53,59,F,F,F,F,F
142,SCH00,F,68,77,F,F,F,F,F
143,SCH00,F,72,74,F,F,F,F,F
144,SCH00,F,57,52,F,F,T,F,F
145,SCH00,M,59,51,F,F,F,F,F
146,SCH00,F,73,74,F,F,F,F,F
147,SCH00,F,57,61,F,F,F,F,F
148,SCH00,M,55,51,F,F,F,F,F
149,SCH00,F,51,62,F,T,F,F,F
150,SCH00,F,73,77,F,T,F,F,F
151,SCH00,M,64,72,F,F,F,F,F
152,SCH00,M,63,61,F,F,F,F,F
153,SCH00,F,69,66,T,T,F,F,F
154,SCH00,M,52,48,F,T,F,F,F
155,SCH00,M,79,78,T,F,F,F,F
156,SCH00,M,67,70,F,F,F,F,F
157,SCH00,M,72,71,T,F,F,F,F
158,SCH00,F,76,67,F,F,F,F,F
159,SCH00,M,47,40,F,F,T,F,F
160,SCH00,M,67,76,F,T,F,F,F
161,SCH00,M,56,52,F,F,F,F,F
162,SCH00,F,53,55,T,T,F,F,F
163,SCH00,M,59,63,F,F,F,F,F
164,SCH00,F,63,54,F,T,F,F,F
165,SCH00,M,32,29,F,F,T,T,F
166,SCH00,F,45,48,F,F,F,F,F
167,SCH00,F,69,61,F,F,F,F,F
168,SCH00,F,89,77,F,F,F,F,F
169,SCH00,M,28,33,T,F,T,T,F
170,SCH00,F,61,56,F,F,F,F,F
171,SCH00,F,80,78,F,T,F,F,F
172,SCH00,F,67,57,F,F,F,F,F
173,SCH00,F,73,75,T,F,F,F,F
174,SCH00,F,86,89,F,F,F,F,F
175,SCH00,F,81,76,F,F,F,F,F
176,SCH00,M,70,53,T,F,F,F,F
177,SCH00,M,73,83,F,F,F,F,F
178,SCH00,F,82,88,F,F,F,F,F
179,SCH00,M,64,69,F,T,F,F,F
180,SCH00,M,35,32,F,F,T,F,F
181,SCH00,M,72,79,F,F,F,F,F
182,SCH00,M,67,62,F,T,F,F,F
183,SCH00,M,64,72,F,F,F,F,F
184,SCH00,F,88,81,F,F,F,F,F
185,SCH00,F,70,69,F,T,F,F,F
186,SCH00,F,66,72,F,F,F,F,F
187,SCH00,F,63,60,T,F,F,F,F
188,SCH00,F,89,84,F,T,F,F,F
189,SCH00,F,80,76,T,F,F,F,F
190,SCH00,F,45,56,F,F,F,F,F
191,SCH00,F,57,53,F,F,F,F,F
192,SCH00,F,85,81,F,T,F,F,F
193,SCH00,F,46,44,F,F,T,T,F
194,SCH00,F,66,61,F,F,F,F,F
195,SCH00,M,72,72,F,F,F,F,F
196,SCH00,M,66,73,F,F,F,F,F
197,SCH00,F,30,31,F,T,F,F,F
198,SCH00,M,77,77,F,F,F,F,F
199,SCH00,M,55,57,F,F,F,F,F
200,SCH00,M,65,68,F,F,F,F,F
201,SCH00,M,63,74,F,F,F,F,F
202,SCH00,M,46,52,F,F,F,F,F
203,SCH00,M,38,53,F,F,F,F,F
204,SCH00,M,55,46,F,F,F,F,F
205,SCH00,M,63,74,F,F,F,F,F
206,SCH00,F,72,67,F,T,F,F,F
207,SCH00,M,64,65,T,T,F,F,F
208,SCH00,F,49,48,F,T,F,F,F
209,SCH00,F,66,61,F,F,F,F,F
210,SCH00,F,60,66,F,F,F,F,F
211,SCH00,M,76,83,F,F,F,F,F
212,SCH00,F,68,69,F,F,F,F,F
213,SCH00,M,45,47,F,F,T,T,F
214,SCH00,M,80,80,F,T,F,F,F
215,SCH00,M,78,77,F,T,F,F,F
216,SCH00,F,51,45,F,F,F,F,F
217,SCH00,F,85,85,F,T,F,F,F
218,SCH00,M,64,73,F,F,F,F,F
219,SCH00,M,65,70,F,F,F,F,F
220,SCH00,M,80,81,T,F,F,F,F
221,SCH00,F,74,80,T,T,F,F,F
222,SCH00,F,65,54,T,F,F,F,F
223,SCH00,M,70,63,F,F,F,F,F
224,SCH00,M,67,62,T,F,F,F,F
225,SCH00,M,63,56,F,F,F,F,F
226,SCH00,M,52,48,F,F,F,F,F
227,SCH00,M,62,69,F,F,F,F,F
228,SCH00,F,85,82,F,F,F,F,F
229,SCH00,M,43,46,F,F,F,F,F
230,SCH00,F,34,39,F,F,T,T,F
231,SCH00,F,42,32,F,F,T,T,F
232,SCH00,M,53,55,F,F,F,F,F
233,SCH00,M,43,37,T,F,F,F,F
234,SCH00,M,59,52,T,F,F,F,F
235,SCH00,M,80,73,F,F,F,F,F
236,SCH00,F,65,74,F,F,F,F,F
237,SCH00,F,49,64,F,F,F,F,F
238,SCH00,M,75,65,T,F,F,F,F
239,SCH00,M,78,79,F,F,F,F,F
240,SCH00,M,53,54,F,T,F,F,F
241,SCH00,M,24,22,F,F,T,F,F
242,SCH00,F,80,80,F,F,F,F,F
243,SCH00,F,22,23,F,F,T,F,F
244,SCH00,M,46,43,F,F,F,F,F
245,SCH00,F,55,67,T,F,F,F,F
246,SCH00,M,32,9,F,F,T,F,F
247,SCH00,M,37,35,T,T,F,F,F
248,SCH00,M,72,73,F,F,F,F,F
249,SCH00,M,78,75,F,T,F,F,F
250,SCH00,F,71,60,T,F,F,F,F
251,SCH00,F,78,69,T,F,F,F,F
252,SCH00,M,89,73,F,F,F,F,F
253,SCH00,F,66,72,F,F,F,F,F
254,SCH00,F,67,76,F,F,F,F,F
255,SCH00,F,76,82,F,F,F,F,F
256,SCH00,F,84,77,F,F,F,F,F
257,SCH00,M,60,74,T,F,F,F,F
258,SCH00,F,70,77,F,F,F,F,F
259,SCH00,M,59,52,F,F,F,F,F
260,SCH00,M,61,55,F,T,F,F,F
261,SCH00,M,68,63,F,F,F,F,F
262,SCH00,M,69,67,F,T,F,F,F
263,SCH00,F,50,46,F,T,F,F,F
264,SCH00,M,52,51,F,F,F,F,F
265,SCH00,F,77,74,F,F,F,F,F
266,SCH00,F,79,73,F,F,F,F,F
267,SCH00,F,43,59,T,F,F,F,F
268,SCH00,F,34,26,T,F,T,T,F
269,SCH00,F,67,55,T,F,F,F,F
270,SCH00,M,69,73,F,F,F,F,F
271,SCH00,F,85,86,F,T,F,F,F
272,SCH00,F,93,79,F,T,F,F,F
273,SCH00,F,51,50,F,F,F,F,F
274,SCH00,M,68,73,F,F,F,F,F
275,SCH00,M,70,73,F,F,F,F,F
276,SCH00,M,63,62,F,F,F,F,F
277,SCH00,M,85,91,F,T,F,F,F
278,SCH00,F,76,60,F,F,F,F,F
279,SCH00,M,62,59,T,T,F,F,F
280,SCH00,F,54,57,F,F,F,F,F
281,SCH00,F,58,58,T,T,F,F,F
282,SCH00,M,70,81,T,F,F,F,F
283,SCH00,M,29,27,T,F,T,F,F
284,SCH00,F,76,71,F,F,F,F,F
285,SCH00,M,59,54,F,F,F,F,F
286,SCH00,F,80,94,F,F,F,F,F
287,SCH00,F,78,80,F,F,F,F,F
288,SCH00,M,68,78,F,F,F,F,F
289,SCH00,M,64,75,F,F,F,F,F
290,SCH00,F,74,56,F,F,F,F,F
291,SCH00,M,60,63,F,T,F,F,F
292,SCH00,M,58,61,T,F,F,F,F
293,SCH00,F,48,47,F,F,F,F,F
294,SCH00,F,75,75,F,F,F,F,F
295,SCH00,M,77,78,F,F,F,F,F
296,SCH00,F,80,72,F,F,F,F,F
297,SCH00,M,80,82,F,F,F,F,F
298,SCH00,F,80,82,F,F,F,F,F
299,SCH00,F,51,48,F,F,F,F,F
300,SCH00,M,40,36,F,F,T,T,F
301,SCH00,M,60,61,F,F,F,F,F
302,SCH00,F,59,56,F,F,F,F,F
303,SCH00,F,73,66,T,F,F,F,F
304,SCH00,M,62,68,F,F,F,F,F
305,SCH00,M,64,68,F,F,F,F,F
306,SCH00,M,74,79,F,F,F,F,F
307,SCH00,M,15,10,F,F,T,F,F
308,SCH00,M,68,67,F,F,F,F,F
309,SCH00,M,88,96,F,F,F,F,F
310,SCH00,F,79,86,F,F,F,F,F
311,SCH00,M,28,27,F,T,T,F,F
312,SCH00,F,87,79,F,F,F,F,F
313,SCH00,M,65,68,T,F,F,F,F
314,SCH00,F,19,13,F,F,T,T,F
315,SCH00,M,61,58,F,F,F,F,F
316,SCH00,F,60,57,F,F,F,F,F
317,SCH00,F,57,57,F,T,F,F,F
318,SCH00,F,72,73,F,F,F,F,F
319,SCH00,F,76,84,F,F,F,F,F
320,SCH00,F,65,61,F,T,F,F,F
321,SCH00,F,69,74,F,F,F,F,F
322,SCH00,M,34,31,T,F,F,F,F
323,SCH00,F,73,71,F,T,F,F,F
324,SCH00,F,69,61,T,F,F,F,F
325,SCH00,F,35,38,F,F,F,F,F
326,SCH00,M,65,72,F,F,F,F,F
327,SCH00,F,71,81,F,F,F,F,F
328,SCH00,M,57,57,F,F,F,F,F
329,SCH00,M,32,30,F,F,F,F,F
330,SCH00,F,65,67,F,F,F,F,F
331,SCH00,F,85,75,F,F,F,F,F
332,SCH00,M,73,70,F,F,F,F,F
333,SCH00,F,63,71,T,T,F,F,F
334,SCH00,F,70,77,F,F,F,F,F
335,SCH00,M,64,69,F,F,F,F,F
336,SCH00,M,45,50,T,T,F,F,F
337,SCH00,M,46,49,F,F,F,F,T
338,SCH00,M,65,59,T,T,F,F,F
339,SCH00,F,50,48,F,F,F,F,F
340,SCH00,M,78,71,F,F,F,F,F
341,SCH00,M,54,55,F,F,F,F,F
342,SCH00,M,40,44,F,F,T,F,F
343,SCH00,F,77,72,F,T,F,F,F
344,SCH00,M,52,51,F,F,F,F,F
345,SCH00,F,37,25,F,T,T,F,F
346,SCH00,F,56,66,F,T,F,F,F
347,SCH00,M,80,83,F,T,F,F,F
348,SCH00,F,77,79,F,F,F,F,F
349,SCH00,M,52,56,T,F,F,F,F
350,SCH00,F,54,60,F,F,F,F,F
351,SCH00,M,70,66,F,F,F,F,F
352,SCH00,F,38,28,F,F,T,F,F
353,SCH00,M,62,73,F,F,F,F,F
354,SCH00,M,71,67,F,F,F,F,F
355,SCH00,F,54,52,F,F,F,F,F
356,SCH00,M,57,55,T,T,F,F,F
357,SCH00,M,77,82,F,F,F,F,F
358,SCH00,M,57,61,F,F,F,F,F
359,SCH00,M,70,64,F,F,F,F,F
360,SCH00,F,65,65,F,F,F,F,F
361,SCH00,F,68,74,F,F,F,F,F
362,SCH00,M,36,49,T,F,F,F,F
363,SCH00,F,33,27,F,F,T,F,F
364,SCH00,M,63,69,F,F,F,F,F
365,SCH00,F,65,69,F,F,F,F,F
366,SCH00,F,51,56,F,F,F,F,F
367,SCH00,F,19,13,F,F,T,F,F
368,SCH00,M,73,73,F,T,F,F,F
369,SCH00,F,63,56,F,F,F,F,F
370,SCH00,M,83,83,F,F,F,F,F
371,SCH00,M,68,67,F,F,F,F,F
372,SCH00,M,77,75,F,T,F,F,F
373,SCH00,F,77,87,F,F,F,F,F
374,SCH00,M,84,79,F,T,F,F,F
375,SCH00,F,56,63,F,F,F,F,F
376,SCH00,M,62,69,F,F,F,F,F
377,SCH00,M,49,37,F,F,F,F,F
378,SCH00,F,91,82,F,T,F,F,F
379,SCH00,M,78,74,F,F,F,F,F
380,SCH00,F,53,54,F,F,T,F,F
381,SCH00,M,71,75,F,F,F,F,F
382,SCH00,F,24,24,T,F,T,F,F
383,SCH00,M,51,51,F,F,F,F,F
384,SCH00,F,69,66,F,F,F,F,F
385,SCH00,F,62,64,F,F,F,F,F
386,SCH00,F,59,63,F,F,F,F,F
387,SCH00,F,85,85,F,F,F,F,F
388,SCH00,M,44,45,F,F,F,F,F
389,SCH00,F,54,42,F,F,F,F,F
390,SCH00,F,59,61,F,F,F,F,F
391,SCH00,F,74,79,F,F,F,F,F
392,SCH00,F,49,47,F,F,F,F,F
393,SCH00,F,52,53,F,F,F,F,F
394,SCH00,F,60,71,F,F,F,F,F
395,SCH00,F,41,50,T,F,F,F,F
396,SCH00,M,73,73,F,F,F,F,F
397,SCH00,M,42,38,F,F,F,F,F
398,SCH00,M,61,58,F,F,F,F,F
399,SCH00,M,77,67,T,F,F,F,F
400,SCH00,F,65,62,F,F,F,F,F
401,SCH00,F,78,77,F,F,F,F,F
402,SCH00,M,62,73,F,F,F,F,F
403,SCH00,M,60,71,F,F,F,F,F
404,SCH00,F,60,73,F,F,F,F,F
405,SCH00,F,61,66,F,F,F,F,F
406,SCH00,M,45,44,F,F,F,F,F
407,SCH00,M,32,34,F,F,T,F,F
408,SCH00,M,63,55,T,T,F,F,F
409,SCH00,M,61,62,F,F,F,F,F
410,SCH00,M,58,57,F,F,F,F,F
411,SCH00,F,75,75,F,F,F,F,F
412,SCH00,M,78,78,F,F,F,F,F
413,SCH00,M,29,38,T,F,T,F,F
414,SCH00,M,44,51,F,F,F,F,F
415,SCH00,F,9,16,F,F,T,F,F
416,SCH00,F,86,85,F,F,F,F,F
417,SCH00,M,27,34,F,F,T,T,F
418,SCH00,F,28,39,T,F,T,F,F
419,SCH00,F,21,31,F,F,T,F,F
420,SCH00,F,38,40,F,F,T,F,F
421,SCH00,F,78,78,F,F,F,F,F
422,SCH00,F,38,42,T,F,T,F,F
423,SCH00,M,54,56,T,F,F,F,F
424,SCH00,F,74,70,F,F,F,F,F
425,SCH00,M,65,67,F,F,F,F,F
426,SCH00,F,88,86,T,F,F,F,F
427,SCH00,F,20,27,F,F,T,T,F
428,SCH00,M,69,56,F,T,F,F,F
429,SCH00,M,62,61,T,T,F,F,F
430,SCH00,F,66,60,T,F,F,F,F
431,SCH00,F,66,60,F,F,F,F,F
432,SCH00,M,70,75,F,F,F,F,F
433,SCH00,M,87,89,F,F,F,F,F
434,SCH00,F,55,58,F,T,F,F,F
435,SCH00,M,71,63,T,F,F,F,F
436,SCH00,F,76,81,F,T,F,F,F
437,SCH00,F,73,76,T,F,F,F,F
438,SCH00,F,64,62,F,F,F,F,F
439,SCH00,M,59,60,F,F,F,F,F
440,SCH00,F,50,59,F,F,F,F,F
441,SCH00,F,70,65,F,F,F,F,F
442,SCH00,F,28,36,F,F,T,F,F
443,SCH00,M,58,59,T,F,F,F,F
444,SCH00,M,16,22,F,T,T,F,F
445,SCH00,F,80,73,F,F,F,F,F
446,SCH00,M,46,51,F,F,F,F,F
447,SCH00,F,39,46,F,F,T,F,F
448,SCH00,M,74,68,F,F,F,F,F
449,SCH00,M,52,50,F,F,F,F,F
450,SCH00,M,86,92,F,F,F,F,F
451,SCH00,M,36,29,F,T,T,F,F
452,SCH00,M,41,46,F,F,T,F,F
453,SCH00,F,68,68,F,F,F,F,F
454,SCH00,F,61,60,F,F,F,F,F
455,SCH00,F,70,66,F,F,F,F,F
456,SCH00,F,42,34,T,T,T,F,F
457,SCH00,M,74,70,F,F,F,F,F
458,SCH00,M,76,69,F,F,F,F,F
459,SCH00,M,58,57,F,T,F,F,F
460,SCH00,F,65,76,F,F,F,F,F
461,SCH00,F,68,65,F,F,F,F,F
462,SCH00,F,67,72,F,T,F,F,F
463,SCH00,F,72,80,F,F,F,F,F
464,SCH00,F,69,66,T,F,F,F,F
465,SCH00,F,69,63,F,T,F,F,F
466,SCH00,F,72,79,F,F,F,F,F
467,SCH00,F,54,66,F,F,F,F,F
468,SCH00,F,53,58,F,F,F,F,F
469,SCH00,F,70,69,T,F,F,F,F
470,SCH00,F,67,65,F,F,F,F,F
471,SCH00,M,66,62,F,T,F,F,F
472,SCH00,F,16,24,F,F,T,F,F
473,SCH00,F,68,71,F,F,F,F,F
474,SCH00,M,81,85,F,F,F,F,F
475,SCH00,F,15,10,T,F,T,T,F
476,SCH00,M,53,49,F,F,F,F,F
477,SCH00,F,53,42,F,F,F,F,F
478,SCH00,M,19,15,F,F,T,F,F
479,SCH00,M,57,47,F,F,F,F,F
480,SCH00,M,83,76,F,T,F,F,F
481,SCH00,F,57,57,F,T,F,F,F
482,SCH00,F,74,66,F,F,F,F,F
483,SCH00,F,27,27,F,T,T,F,F
484,SCH00,M,79,91,F,F,F,F,F
485,SCH00,M,63,61,F,T,F,F,F
486,SCH00,F,54,68,F,T,F,F,F
487,SCH00,M,82,80,T,F,F,F,F
488,SCH00,M,54,49,T,F,F,F,F
489,SCH00,M,59,56,F,T,F,F,F
490,SCH00,F,63,58,F,F,F,F,F
491,SCH00,M,16,3,F,F,T,F,F
492,SCH00,M,24,32,T,F,T,F,F
493,SCH00,M,83,83,F,F,F,F,F
494,SCH00,M,64,60,T,F,F,F,F
495,SCH00,M,63,62,F,F,F,F,F
496,SCH00,M,44,58,F,F,F,F,F
497,SCH00,F,60,57,F,F,F,F,F
498,SCH00,F,63,63,F,F,F,F,F
499,SCH00,F,48,45,F,F,F,F,F
500,SCH00,M,71,70,F,T,F,F,F
501,SCH00,M,80,86,F,F,F,F,F
502,SCH00,F,74,74,F,F,F,F,F
503,SCH00,F,70,67,F,T,F,F,F
504,SCH00,M,82,75,F,T,F,F,F
505,SCH00,F,64,47,F,T,F,F,F
506,SCH00,M,72,79,F,F,F,F,F
507,SCH00,F,42,42,F,F,T,F,F
508,SCH00,F,73,62,F,F,F,F,F
509,SCH00,M,74,73,F,T,F,F,F
510,SCH00,M,89,82,F,F,F,F,F
511,SCH00,M,28,38,F,T,T,T,F
512,SCH00,F,65,72,F,F,F,F,F
513,SCH00,F,71,74,F,T,F,F,F
514,SCH00,M,59,62,F,F,F,F,F
515,SCH00,F,66,75,F,F,F,F,F
516,SCH00,F,72,70,F,T,F,F,F
517,SCH00,F,65,58,T,T,F,F,F
518,SCH00,F,53,55,T,T,F,F,F
519,SCH00,F,83,84,T,T,F,F,F
520,SCH00,F,55,51,F,F,F,F,F
521,SCH00,M,59,59,F,F,F,F,F
522,SCH00,F,67,57,F,F,F,F,F
523,SCH00,F,78,80,T,F,F,F,F
524,SCH00,M,77,75,F,F,F,F,F
525,SCH00,F,47,54,F,F,T,F,F
526,SCH00,M,79,78,F,F,F,F,F
527,SCH00,F,61,67,T,T,F,F,F
528,SCH00,F,67,70,F,F,F,F,F
529,SCH00,F,79,75,F,T,F,F,F
530,SCH00,F,64,58,F,F,F,F,F
531,SCH00,F,91,99,F,F,F,F,F
532,SCH00,F,52,51,F,F,F,F,F
533,SCH00,M,62,71,F,F,F,F,F
534,SCH00,M,54,42,T,F,F,F,F
535,SCH00,M,74,84,F,F,F,F,F
536,SCH00,F,83,77,F,F,F,F,F
537,SCH00,M,77,75,T,F,F,F,F
538,SCH00,F,58,54,F,F,F,F,F
539,SCH00,F,64,66,F,T,F,F,F
540,SCH00,M,79,72,F,F,F,F,F
541,SCH00,F,63,67,T,T,F,F,F
542,SCH00,F,58,55,F,F,F,F,F
543,SCH00,M,71,73,F,F,F,F,F
544,SCH00,F,44,37,F,F,T,F,F
545,SCH00,M,45,53,F,F,F,F,F
546,SCH00,M,65,55,T,T,F,F,F
547,SCH00,F,55,67,F,F,F,F,F
548,SCH00,M,47,37,T,T,F,F,F
549,SCH00,M,94,94,T,F,F,F,F
550,SCH00,F,39,34,F,T,T,F,F
551,SCH00,F,79,88,F,F,F,F,F
552,SCH00,M,35,48,F,F,T,F,F
553,SCH00,M,58,49,F,F,F,F,F
554,SCH00,F,58,58,F,F,F,F,F
555,SCH00,F,74,73,F,F,F,F,F
556,SCH00,F,71,63,F,F,F,F,F
557,SCH00,F,57,50,F,F,F,F,F
558,SCH00,F,61,60,T,F,F,F,F
559,SCH00,F,48,42,F,T,F,F,F
560,SCH00,M,52,47,F,F,F,F,F
561,SCH00,F,69,61,T,F,F,F,F
562,SCH00,M,88,89,F,T,F,F,F
563,SCH00,M,70,75,F,F,F,F,F
564,SCH00,M,87,96,F,F,F,F,F
565,SCH00,M,70,68,F,T,F,F,F
566,SCH00,M,58,65,F,F,F,F,F
567,SCH00,M,24,26,F,T,T,F,F
568,SCH00,F,78,71,F,F,F,F,F
569,SCH00,F,66,68,F,F,F,F,F
570,SCH00,M,18,12,F,F,T,F,F
571,SCH00,F,53,75,F,F,F,F,F
572,SCH00,M,50,44,F,F,T,F,F
573,SCH00,F,64,68,F,F,F,F,F
574,SCH00,M,72,71,F,F,F,F,F
575,SCH00,F,75,72,F,T,F,F,F
576,SCH00,M,69,80,F,T,F,F,F
577,SCH00,F,59,67,F,F,F,F,F
578,SCH00,M,70,77,F,F,F,F,F
579,SCH00,M,67,63,F,F,F,F,F
580,SCH00,F,47,43,T,F,F,F,F
581,SCH00,F,68,64,F,T,F,F,F
582,SCH00,M,69,70,F,F,F,F,F
583,SCH00,M,70,81,F,F,F,F,F
584,SCH00,M,61,48,F,F,F,F,F
585,SCH00,F,53,55,F,F,F,F,F
586,SCH00,M,77,77,F,F,F,F,F
587,SCH00,M,46,50,F,T,F,F,F
588,SCH00,M,70,73,F,F,F,F,F
589,SCH00,F,60,54,F,F,F,F,F
590,SCH00,M,82,72,F,F,F,F,F
591,SCH00,M,27,46,F,F,T,F,F
592,SCH00,F,62,56,F,F,F,F,F
593,SCH00,M,57,59,F,F,F,F,F
594,SCH00,F,80,83,F,T,F,F,F
595,SCH00,M,67,67,F,T,F,F,F
596,SCH00,F,62,55,F,F,F,F,F
597,SCH00,F,75,63,F,F,F,F,F
598,SCH00,M,70,67,T,F,F,F,F
599,SCH00,F,63,66,F,F,F,F,F
600,SCH00,F,74,69,F,F,F,F,F
601,SCH00,M,71,71,F,F,F,F,F
602,SCH00,M,68,67,F,F,F,F,F
603,SCH00,F,72,76,F,F,F,F,F
604,SCH00,F,60,62,F,T,F,F,F
605,SCH00,M,60,65,F,F,F,F,F
606,SCH00,M,75,79,F,F,F,F,F
607,SCH00,F,69,71,F,F,F,F,F
608,SCH00,F,44,34,F,F,T,F,F
609,SCH00,F,82,72,F,F,F,F,F
610,SCH00,F,80,74,F,F,F,F,F
611,SCH00,M,59,57,F,F,F,F,F
612,SCH00,M,61,57,F,F,F,F,F
613,SCH00,F,65,71,F,F,F,F,F
614,SCH00,M,49,47,F,F,F,F,F
615,SCH00,F,58,66,F,F,F,F,F
616,SCH00,F,66,64,F,F,F,F,F
617,SCH00,F,45,54,T,F,F,F,F
618,SCH00,F,68,68,F,F,F,F,F
619,SCH00,F,39,50,F,F,F,F,F
620,SCH00,F,69,72,F,F,F,F,F
621,SCH00,F,62,64,F,F,F,F,F
622,SCH00,F,91,88,F,F,F,F,F
623,SCH00,M,73,59,F,F,F,F,F
624,SCH00,F,44,52,F,T,F,F,F
625,SCH00,F,69,83,F,F,F,F,F
626,SCH00,F,99,90,F,F,F,F,F
627,SCH00,M,23,31,F,T,T,T,F
628,SCH00,M,71,71,F,F,F,F,F
629,SCH00,M,69,64,F,F,F,F,F
630,SCH00,F,61,69,F,F,F,F,F
631,SCH00,F,64,61,F,F,F,F,F
632,SCH00,M,60,64,T,F,F,F,F
633,SCH00,F,73,72,F,F,F,F,F
634,SCH00,F,75,72,F,F,F,F,F
635,SCH00,F,72,69,F,F,F,F,F
636,SCH00,F,85,89,T,F,F,F,F
637,SCH00,M,75,77,F,F,F,F,F
638,SCH00,M,79,71,T,F,F,F,F
639,SCH00,F,53,65,T,F,F,F,F
640,SCH00,F,67,63,F,F,F,F,F
641,SCH00,M,80,82,F,F,F,F,F
642,SCH00,M,59,61,T,F,F,F,F
643,SCH00,F,37,42,F,F,F,F,F
644,SCH00,M,64,55,F,F,F,F,F
645,SCH00,M,57,67,F,F,F,F,F
646,SCH00,F,65,66,F,F,F,F,F
647,SCH00,M,70,79,F,T,F,F,F
648,SCH00,M,69,60,F,F,F,F,F
649,SCH00,F,103,93,F,F,F,F,F
650,SCH00,M,77,77,F,F,F,F,F
651,SCH00,F,26,21,T,F,T,F,F
652,SCH00,F,64,59,F,F,F,F,F
653,SCH00,F,33,45,T,F,F,F,F
654,SCH00,M,6,11,F,F,T,F,F
655,SCH00,F,70,57,F,T,F,F,F
656,SCH00,M,29,36,F,F,T,F,F
657,SCH00,F,90,87,F,F,F,F,F
658,SCH00,F,73,67,F,T,F,F,F
659,SCH00,F,65,54,F,F,F,F,F
660,SCH00,F,11,10,F,F,T,F,F
661,SCH00,F,73,79,T,F,F,F,F
662,SCH00,F,81,82,F,F,F,F,F
663,SCH00,M,67,64,F,F,F,F,F
664,SCH00,F,84,87,T,F,F,F,F
665,SCH00,M,48,51,F,F,F,F,F
666,SCH00,M,81,76,F,F,F,F,F
667,SCH00,F,92,92,T,F,F,F,F
668,SCH00,F,59,54,F,F,F,F,F
669,SCH00,F,85,93,F,F,F,F,F
670,SCH00,F,59,67,F,F,F,F,F
671,SCH00,M,66,70,T,F,F,F,F
672,SCH00,M,76,87,F,F,F,F,F
673,SCH00,F,63,70,F,F,F,F,F
674,SCH00,M,77,70,F,F,F,F,F
675,SCH00,F,49,55,F,F,F,F,F
676,SCH00,M,41,28,F,F,T,T,F
677,SCH00,F,52,66,T,F,F,F,F
678,SCH00,F,69,60,F,T,F,F,F
679,SCH00,F,42,42,F,F,T,F,F
680,SCH00,F,78,76,F,F,F,F,F
681,SCH00,F,61,66,F,F,F,F,F
682,SCH00,M,68,65,F,F,F,F,F
683,SCH00,F,53,67,T,F,F,F,F
684,SCH00,M,75,74,T,T,F,F,F
685,SCH00,F,74,72,F,T,F,F,F
686,SCH00,F,18,25,F,F,T,F,F
687,SCH00,M,78,84,F,F,F,F,F
688,SCH00,F,43,46,F,F,T,T,F
689,SCH00,F,51,48,F,F,F,F,F
690,SCH00,M,57,70,F,T,F,F,F
691,SCH00,M,59,63,F,F,F,F,F
692,SCH00,F,74,73,F,T,F,F,F
693,SCH00,M,75,76,F,F,F,F,F
694,SCH00,F,56,59,F,T,F,F,F
695,SCH00,F,59,63,F,F,F,F,F
696,SCH00,M,65,70,F,T,F,F,F
697,SCH00,M,83,86,F,T,F,F,F
698,SCH00,F,85,80,F,F,F,F,F
699,SCH00,M,71,78,F,T,F,F,F
700,SCH00,F,72,84,F,T,F,F,T
701,SCH00,F,73,82,F,F,F,F,T
702,SCH00,M,61,44,F,T,F,F,F
703,SCH00,F,70,59,F,F,F,F,F
704,SCH00,M,58,57,F,F,F,F,F
705,SCH00,F,60,73,F,T,F,F,F
706,SCH00,F,51,55,F,F,F,F,F
707,SCH00,M,64,73,F,F,F,F,F
708,SCH00,F,64,65,F,F,F,F,F
709,SCH00,F,44,46,F,F,F,F,F
710,SCH00,M,89,84,F,F,F,F,F
711,SCH00,M,42,52,F,F,T,F,F
712,SCH00,F,76,74,F,F,F,F,F
713,SCH00,F,69,76,F,F,F,F,F
714,SCH00,F,76,75,F,F,F,F,F
715,SCH00,F,51,44,F,F,F,F,F
716,SCH00,F,50,46,F,F,F,F,F
717,SCH00,M,57,51,F,F,F,F,F
718,SCH00,F,72,70,F,F,F,F,F
719,SCH00,F,73,65,F,T,F,F,F
720,SCH00,F,75,76,F,T,F,F,F
721,SCH00,M,52,50,F,F,F,F,F
722,SCH00,M,73,67,F,F,F,F,F
723,SCH00,F,45,56,T,F,F,F,F
724,SCH00,M,78,70,F,F,F,F,F
725,SCH00,M,71,76,F,F,F,F,F
726,SCH00,M,45,54,T,F,F,F,F
727,SCH00,M,71,76,F,T,F,F,F
728,SCH00,F,72,69,F,F,F,F,F
729,SCH00,M,28,17,F,F,T,F,F
730,SCH00,F,66,67,T,F,F,F,F
731,SCH00,F,72,73,F,F,F,F,F
732,SCH00,F,48,52,T,F,T,F,F
733,SCH00,F,76,82,F,F,F,F,F
734,SCH00,M,73,73,F,F,F,F,F
735,SCH00,F,71,78,F,T,F,F,F
736,SCH00,F,65,68,F,F,F,F,F
737,SCH00,F,67,61,T,F,F,F,F
738,SCH00,F,47,48,F,F,F,F,F
739,SCH00,F,56,70,F,T,F,F,F
740,SCH00,M,64,65,T,F,F,F,F
741,SCH00,M,74,79,F,F,F,F,F
742,SCH00,M,80,69,F,F,F,F,F
743,SCH00,F,79,72,F,T,F,F,F
744,SCH00,F,40,49,F,F,F,F,F
745,SCH00,M,89,83,F,F,F,F,F
746,SCH00,F,80,72,F,F,F,F,F
747,SCH00,M,60,48,F,F,F,F,F
748,SCH00,F,71,71,F,T,F,F,F
749,SCH00,M,75,78,F,F,F,F,F
750,SCH00,F,66,59,F,F,F,F,F
751,SCH00,F,52,47,F,F,F,F,F
752,SCH00,M,86,83,F,F,F,F,F
753,SCH00,F,56,67,F,F,F,F,F
754,SCH00,M,93,75,F,F,F,F,F
755,SCH00,F,83,75,T,F,F,F,F
756,SCH00,M,56,60,F,F,F,F,F
757,SCH00,F,39,39,F,F,F,F,F
758,SCH00,F,83,83,T,F,F,F,F
759,SCH00,M,81,86,F,F,F,F,F
760,SCH00,F,80,76,F,T,F,F,F
761,SCH00,M,68,73,F,F,F,F,F
762,SCH00,F,38,25,F,F,T,F,F
763,SCH00,M,69,61,F,T,F,F,F
764,SCH00,M,61,65,T,F,F,F,F
765,SCH00,F,29,37,F,F,T,F,F
766,SCH00,M,73,68,T,F,F,F,F
767,SCH00,F,81,84,F,F,F,F,F
768,SCH00,F,39,35,F,F,T,F,F
769,SCH00,F,57,61,F,F,F,F,F
770,SCH00,F,76,81,F,T,F,F,F
771,SCH00,M,64,69,F,T,F,F,F
772,SCH00,M,19,33,F,F,T,F,F
773,SCH00,F,65,63,F,T,F,F,F
774,SCH00,M,77,71,F,T,F,F,F
775,SCH00,M,56,60,F,F,F,F,F
776,SCH00,M,79,87,F,T,F,F,F
777,SCH00,M,69,69,T,F,F,F,F
778,SCH00,F,73,67,F,T,F,F,F
779,SCH00,M,74,76,F,F,F,F,F
780,SCH00,M,67,70,T,F,F,F,F
781,SCH00,F,82,91,F,T,F,F,F
782,SCH00,F,72,70,F,F,F,F,F
783,SCH00,M,73,54,F,T,F,F,F
784,SCH00,F,69,80,F,F,F,F,F
785,SCH00,F,72,76,F,F,F,F,F
786,SCH00,M,54,51,T,F,F,F,F
787,SCH00,M,84,72,F,F,F,F,F
788,SCH00,M,38,36,F,T,T,F,F
789,SCH00,M,82,86,T,F,F,F,F
790,SCH00,M,83,78,F,F,F,F,F
791,SCH00,F,78,66,F,F,F,F,F
792,SCH00,M,90,95,F,F,F,F,F
793,SCH00,F,69,73,F,F,F,F,F
794,SCH00,M,67,52,F,T,F,F,F
795,SCH00,F,48,53,F,F,T,F,F
796,SCH00,M,44,46,F,T,F,F,F
797,SCH00,F,81,75,F,T,F,F,F
798,SCH00,F,75,70,F,F,F,F,F
799,SCH00,M,82,93,F,T,F,F,F
800,SCH00,F,63,67,F,F,F,F,F
801,SCH00,M,62,66,F,T,F,F,F
802,SCH00,F,73,67,F,T,F,F,F
803,SCH00,M,65,62,F,F,F,F,F
804,SCH00,F,66,53,F,F,F,F,F
805,SCH00,M,75,72,F,T,F,F,F
806,SCH00,M,61,55,F,F,F,F,F
807,SCH00,F,69,67,F,F,F,F,F
808,SCH00,F,54,56,F,T,F,F,F
809,SCH00,M,60,65,F,F,F,F,F
810,SCH00,M,80,79,F,F,F,F,F
811,SCH00,F,74,76,F,F,F,F,F
812,SCH00,M,36,37,T,F,T,T,F
813,SCH00,M,57,57,F,F,F,F,F
814,SCH00,F,76,69,F,F,F,F,F
815,SCH00,F,85,91,T,F,F,F,F
816,SCH00,F,45,51,F,F,F,F,F
817,SCH00,F,70,70,F,F,F,F,F
818,SCH00,M,62,70,F,T,F,F,F
819,SCH00,F,92,81,F,T,F,F,F
820,SCH00,M,69,75,F,F,F,F,F
821,SCH00,F,53,52,T,F,F,F,F
822,SCH00,F,54,49,F,F,F,F,F
823,SCH00,M,67,68,F,F,F,F,F
824,SCH00,F,67,68,F,F,F,F,F
825,SCH00,F,79,89,F,F,F,F,F
826,SCH00,M,78,76,T,F,F,F,F
827,SCH00,F,58,59,F,F,F,F,F
828,SCH00,F,73,82,F,F,F,F,F
829,SCH00,M,81,74,F,F,F,F,F
830,SCH00,F,40,41,F,F,T,F,F
831,SCH00,M,51,50,F,F,F,F,F
832,SCH00,M,77,67,F,T,F,F,F
833,SCH00,F,78,77,F,F,F,F,F
834,SCH00,M,76,79,F,T,F,F,F
835,SCH00,M,65,54,F,F,F,F,F
836,SCH00,F,45,48,F,F,F,F,F
837,SCH00,F,77,81,T,T,F,F,F
838,SCH00,F,73,77,F,F,F,F,F
839,SCH00,F,53,44,F,F,F,F,F
840,SCH00,M,65,60,F,F,F,F,F
841,SCH00,F,79,69,F,F,F,F,F
842,SCH00,M,63,60,F,F,F,F,F
843,SCH00,F,80,77,T,F,F,F,F
844,SCH00,F,68,77,T,F,F,F,F
845,SCH00,M,62,63,F,T,F,F,F
846,SCH00,M,73,81,F,T,F,F,F
847,SCH00,M,68,63,F,F,F,F,F
848,SCH00,F,20,22,F,F,T,F,F
849,SCH00,F,70,63,F,T,F,F,F
850,SCH00,M,66,65,F,F,F,F,F
851,SCH00,M,56,53,F,F,F,F,F
852,SCH00,M,77,74,T,F,F,F,F
853,SCH00,F,48,38,T,T,T,F,F
854,SCH00,F,59,65,F,F,F,F,F
855,SCH00,F,50,38,T,F,F,F,F
856,SCH00,M,77,79,F,F,F,F,F
857,SCH00,F,72,66,F,F,F,F,F
858,SCH00,F,76,69,F,F,F,F,F
859,SCH00,M,45,38,F,F,F,F,F
860,SCH00,M,46,52,F,F,T,F,F
861,SCH00,F,86,86,F,T,F,F,F
862,SCH00,F,23,21,F,F,T,F,F
863,SCH00,M,87,81,T,F,F,F,F
864,SCH00,F,85,70,T,F,F,F,F
865,SCH00,F,56,55,F,T,F,F,F
866,SCH00,F,77,78,F,F,F,F,F
867,SCH00,M,65,71,T,F,F,F,F
868,SCH00,M,59,55,F,F,F,F,F
869,SCH00,M,79,72,F,F,F,F,F
870,SCH00,M,33,33,F,T,T,F,F
871,SCH00,F,61,57,F,F,F,F,F
872,SCH00,M,60,58,F,T,F,F,F
873,SCH00,M,48,49,F,F,F,F,F
874,SCH00,M,71,64,F,F,F,F,F
875,SCH00,F,19,15,F,T,T,F,F
876,SCH00,M,55,56,T,F,F,F,F
877,SCH00,M,45,38,F,F,F,F,F
878,SCH00,F,83,74,T,T,F,F,F
879,SCH00,F,69,79,T,F,F,F,F
880,SCH00,F,63,67,T,F,F,F,F
881,SCH00,F,64,55,F,F,F,F,F
882,SCH00,M,60,52,F,T,F,F,F
883,SCH00,M,87,82,T,F,F,F,F
884,SCH00,F,22,31,F,F,T,T,F
885,SCH00,F,54,49,T,T,F,F,F
886,SCH00,M,82,68,F,F,F,F,F
887,SCH00,M,45,35,F,F,T,F,F
888,SCH00,M,74,74,T,F,F,F,F
889,SCH00,F,70,72,F,F,F,F,F
890,SCH00,F,84,72,F,T,F,F,F
891,SCH00,M,63,57,F,T,F,F,F
892,SCH00,M,78,77,F,F,F,F,F
893,SCH00,M,71,74,F,F,F,F,F
894,SCH00,F,85,75,F,F,F,F,F
895,SCH00,F,67,69,F,F,F,F,F
896,SCH00,M,62,75,T,F,F,F,F
897,SCH00,M,60,66,F,F,F,F,F
898,SCH00,M,38,25,F,F,T,T,F
899,SCH00,M,55,62,F,F,F,F,F
900,SCH00,F,84,78,F,T,F,F,F
901,SCH00,M,48,38,F,F,T,F,F
902,SCH00,F,74,75,F,F,F,F,F
903,SCH00,F,57,51,F,F,F,F,F
904,SCH00,M,70,64,F,F,F,F,F
905,SCH00,M,35,37,F,F,T,F,F
906,SCH00,M,64,55,F,T,F,F,F
907,SCH00,F,25,22,F,F,T,F,F
908,SCH00,M,86,78,F,T,F,F,F
909,SCH00,F,86,78,T,F,F,F,F
910,SCH00,M,74,69,T,F,F,F,F
911,SCH00,F,75,76,F,T,F,F,F
912,SCH00,F,62,61,F,F,F,F,F
913,SCH00,M,66,74,F,F,F,F,F
914,SCH00,F,83,84,T,F,F,F,F
915,SCH00,M,59,61,F,T,F,F,F
916,SCH00,F,84,74,T,F,F,F,F
917,SCH00,M,82,80,F,F,F,F,F
918,SCH00,F,77,80,F,F,F,F,F
919,SCH00,F,60,74,F,F,F,F,F
920,SCH00,F,62,62,F,F,F,F,F
921,SCH00,M,71,77,F,F,F,F,F
922,SCH00,M,79,69,F,F,F,F,F
923,SCH00,F,88,70,F,F,F,F,F
924,SCH00,F,67,71,F,F,F,F,F
925,SCH00,F,93,88,F,F,F,F,F
926,SCH00,M,70,74,F,T,F,F,F
927,SCH00,M,81,74,F,F,F,F,F
928,SCH00,F,93,74,F,F,F,F,F
929,SCH00,M,59,60,F,F,F,F,F
930,SCH00,M,71,63,F,F,F,F,F
931,SCH00,M,62,61,F,F,F,F,F
932,SCH00,F,19,19,F,F,T,F,F
933,SCH00,F,53,37,F,F,F,F,F
934,SCH00,F,77,69,F,F,F,F,F
935,SCH00,M,79,72,T,F,F,F,F
936,SCH00,M,58,55,F,F,F,F,F
937,SCH00,F,73,71,F,F,F,F,F
938,SCH00,M,57,49,F,F,F,F,F
939,SCH00,M,40,36,T,F,F,F,F
940,SCH00,F,40,35,F,F,T,F,F
941,SCH00,F,30,34,F,F,T,T,F
942,SCH00,F,62,66,F,F,F,F,T
943,SCH00,F,42,42,F,F,F,F,F
944,SCH00,F,70,72,F,F,F,F,F
945,SCH00,F,33,42,F,F,T,F,F
946,SCH00,F,55,54,F,F,F,F,F
947,SCH00,M,92,78,F,F,F,F,F
948,SCH00,M,88,91,F,F,F,F,F
949,SCH00,F,33,30,F,F,T,F,F
950,SCH00,M,70,72,F,F,F,F,F
951,SCH00,F,89,77,F,F,F,F,F
952,SCH00,M,48,59,F,F,F,F,F
953,SCH00,M,85,78,F,F,F,F,F
954,SCH00,F,36,43,F,F,F,F,F
955,SCH00,M,84,92,F,F,F,F,F
956,SCH00,M,68,65,F,F,F,F,F
957,SCH00,M,53,65,T,F,F,F,F
958,SCH00,F,44,40,F,T,T,F,F
959,SCH00,F,78,79,F,F,F,F,F
960,SCH00,M,69,75,T,F,F,F,F
961,SCH00,F,54,55,F,F,F,F,F
962,SCH00,F,90,81,F,F,F,F,F
963,SCH00,M,72,70,F,T,F,F,F
964,SCH00,F,60,58,F,F,F,F,F
965,SCH00,M,78,79,F,T,F,F,F
966,SCH00,F,74,70,F,F,F,F,F
967,SCH00,F,40,37,F,F,T,F,F
968,SCH00,F,78,68,F,F,F,F,F
969,SCH00,M,76,56,F,T,F,F,T
970,SCH00,M,60,60,F,F,F,F,F
971,SCH00,M,63,65,F,F,F,F,F
972,SCH00,M,77,71,F,F,F,F,F
973,SCH00,M,67,65,F,F,F,F,F
974,SCH00,F,75,77,F,T,F,F,F
975,SCH00,M,62,63,F,F,F,F,F
976,SCH00,F,62,68,F,F,F,F,F
977,SCH00,F,56,57,F,F,F,F,F
978,SCH00,F,38,48,T,T,F,F,F
979,SCH00,M,58,60,F,F,F,F,F
980,SCH00,F,63,72,F,T,F,F,F
981,SCH00,F,45,50,F,F,F,F,F
982,SCH00,F,68,57,F,F,F,F,F
983,SCH00,M,51,45,F,T,F,F,F
984,SCH00,F,57,60,F,F,F,F,F
985,SCH00,M,79,73,T,F,F,F,F
986,SCH00,M,79,90,F,F,F,F,F
987,SCH00,M,78,65,F,T,F,F,F
988,SCH00,M,69,70,T,F,F,F,F
989,SCH00,M,79,85,T,F,F,F,F
990,SCH00,M,66,60,F,F,F,F,F
991,SCH00,M,80,81,F,T,F,F,F
992,SCH00,M,69,77,F,F,F,F,F
993,SCH00,F,78,81,F,T,F,F,F
994,SCH00,M,83,83,F,F,F,F,F
995,SCH00,F,64,64,F,F,F,F,F
996,SCH00,F,68,72,F,F,F,F,F
997,SCH00,M,86,80,F,F,F,F,F
998,SCH00,F,59,55,F,F,F,F,F
999,SCH00,F,70,63,F,F,F,F,F
1000,SCH00,M,75,74,F,F,F,F,F
1001,SCH00,M,72,69,F,T,F,F,F
1002,SCH00,F,27,27,F,F,T,T,F
1003,SCH00,M,28,26,F,F,T,T,F
1004,SCH00,M,47,52,F,F,F,F,F
1005,SCH00,M,75,79,F,F,F,F,F
1006,SCH00,F,37,42,F,F,T,F,F
1007,SCH00,M,31,24,F,F,T,F,F
1008,SCH00,M,75,82,F,F,F,F,F
1009,SCH00,M,69,75,F,F,F,F,F
1010,SCH00,F,52,57,F,F,F,F,F
1011,SCH00,M,79,72,F,F,F,F,F
1012,SCH00,M,75,76,F,T,F,F,F
1013,SCH00,F,68,70,F,F,F,F,F
1014,SCH00,M,57,65,F,F,F,F,F
1015,SCH00,F,58,61,F,F,F,F,F
1016,SCH00,M,25,28,F,T,T,T,F
1017,SCH00,M,70,69,F,T,F,F,F
1018,SCH00,M,48,43,F,F,F,F,F
1019,SCH00,F,52,50,T,F,F,F,F
1020,SCH00,M,71,73,F,F,F,F,F
1021,SCH00,M,73,79,F,F,F,F,F
1022,SCH00,M,90,91,F,F,F,F,F
1023,SCH00,F,72,68,F,T,F,F,F
1024,SCH00,F,84,75,F,T,F,F,F
1025,SCH00,M,42,39,F,F,F,F,F
1026,SCH00,F,59,59,T,F,F,F,F
1027,SCH00,M,47,61,F,F,F,F,F
1028,SCH00,M,74,78,F,F,F,F,F
1029,SCH00,F,71,66,T,F,F,F,F
1030,SCH00,F,69,70,F,F,F,F,F
1031,SCH00,F,80,75,F,F,F,F,F
1032,SCH00,F,88,83,F,F,F,F,F
1033,SCH00,M,64,75,F,T,F,F,F
1034,SCH00,M,80,81,F,F,F,F,F
1035,SCH00,M,78,85,F,T,F,F,F
1036,SCH00,M,27,35,F,F,T,F,F
1037,SCH00,M,22,18,F,F,T,F,F
1038,SCH00,F,85,94,F,T,F,F,F
1039,SCH00,M,90,85,F,F,F,F,F
1040,SCH00,F,49,55,F,F,F,F,F
1041,SCH00,M,81,84,F,F,F,F,F
1042,SCH00,M,41,45,F,F,T,F,F
1043,SCH00,M,77,75,F,F,F,F,F
1044,SCH00,F,65,69,F,T,F,F,F
1045,SCH00,F,70,65,F,F,F,F,F
1046,SCH00,M,80,75,T,F,F,F,F
1047,SCH00,M,65,64,F,F,F,F,F
1048,SCH00,M,60,66,F,T,F,F,F
1049,SCH00,M,68,65,F,F,F,F,F
